30/06/2024,"-3.40","Provender Australia SilverwateNSWAU","+1987.25"
30/06/2024,"-3.40","Provender Australia SilverwateNSWAU","+1990.65"
29/06/2024,"-43.33","Ho Jiak Haymarket Haymarket AU","+1994.05"
29/06/2024,"-3.40","PROVENDER HOLDINGS AUS Waterloo AU AUS Card xx1037 Value Date: 27/06/2024","+2037.38"
28/06/2024,"-15.24","CHICKEN V SEOUL PTY WENTWORTH POINSWAU","+2040.78"
28/06/2024,"-0.53","International Transaction Fee Value Date: 26/06/2024","+2056.02"
28/06/2024,"-15.06","WWW.SYMBOLAB.COM REDWOOD CITY CA USA Card xx1037 USD 9.99 Value Date: 26/06/2024","+2056.55"
28/06/2024,"-1.16","International Transaction Fee Value Date: 26/06/2024","+2071.61"
28/06/2024,"-33.17","OPENAI *CHATGPT SUBSCR SAN FRANCISCO CA USA Card xx1037 USD 22.00 Value Date: 26/06/2024","+2072.77"
28/06/2024,"-23.34","PANCAKES ON THE ROCKS HAYMARKET NS AUS Card xx1037 Value Date: 26/06/2024","+2105.94"
27/06/2024,"-3.40","Provender Australia SilverwateNSWAU Value Date: 28/06/2024","+2129.28"
27/06/2024,"-7.90","STARBUCKS COFFEE B00 SYDNEY AU","+2132.68"
27/06/2024,"-35.00","TIMEZONE HAYMARKET AU Card xx1037","+2140.58"
27/06/2024,"-5.08","Kensington Investment Chippendale AU","+2175.58"
27/06/2024,"-15.15","Kensington Investment Chippendale AU","+2180.66"
27/06/2024,"-31.80","NANDOS BROADWAY NSW Broadway AU AUS Card xx1037 Value Date: 25/06/2024","+2195.81"
27/06/2024,"-21.50","ICC Darling Harbour Sydney NS AUS Card xx1037 Value Date: 25/06/2024","+2227.61"
27/06/2024,"-47.00","SCRIMBA OSLO DU NOR Card xx1037 AUD 47.00 Value Date: 26/06/2024","+2249.11"
27/06/2024,"-10.00","TRANSPORTFORNSW OPAL CHIPPENDALE AUS Card xx1037 Value Date: 26/06/2024","+2296.11"
27/06/2024,"-4.20","Provender Australia SilverwateNSWAU","+2306.11"
27/06/2024,"-3.20","Provender Australia SilverwateNSWAU","+2310.31"
27/06/2024,"-3.40","Provender Australia SilverwateNSWAU","+2313.51"
26/06/2024,"-20.28","FISH MARKET CAFE PYRMONT NS AUS Card xx1037 Value Date: 24/06/2024","+2316.91"
26/06/2024,"-0.26","International Transaction Fee Value Date: 24/06/2024","+2337.19"
26/06/2024,"-7.54","A MEDIUM CORPORATION 4155085008 CA USA Card xx1037 USD 5.00 Value Date: 24/06/2024","+2337.45"
25/06/2024,"-7.10","STARBUCKS COFFEE B01 CHIPPENDALE AU","+2344.99"
25/06/2024,"-23.34","PANCAKES ON THE ROCKS HAYMARKET NS AUS Card xx1037 Value Date: 22/06/2024","+2352.09"
25/06/2024,"-25.27","SWEET TOWN ON GEORGE S HAYMARKET 02 AUS Card xx1037 Value Date: 21/06/2024","+2375.43"
25/06/2024,"-4.62","ENJOY MIE SYDNEY 02 AUS Card xx1037 Value Date: 21/06/2024","+2400.70"
25/06/2024,"-21.98","ENJOY MIE SYDNEY 02 AUS Card xx1037 Value Date: 21/06/2024","+2405.32"
25/06/2024,"-25.37","PANCAKES ON THE ROCKS HAYMARKET NS AUS Card xx1037 Value Date: 23/06/2024","+2427.30"
25/06/2024,"-14.99","APPLE.COM/BILL SYDNEY NS AUS Card xx1037 Value Date: 22/06/2024","+2452.67"
25/06/2024,"-6.49","APPLE.COM/BILL SYDNEY AU AUS Card xx1037 Value Date: 22/06/2024","+2467.66"
25/06/2024,"-18.00","SMP*Hero Sushi George Sydney AU AUS Card xx1037 Value Date: 22/06/2024","+2474.15"
24/06/2024,"-15.23","Fruitezy Pyrmont AU","+2492.15"
24/06/2024,"-4.20","Provender Australia SilverwateNSWAU","+2507.38"
24/06/2024,"-3.40","Provender Australia SilverwateNSWAU","+2511.58"
24/06/2024,"-3.40","Provender Australia SilverwateNSWAU","+2514.98"
22/06/2024,"-49.99","BETWEEN THE FLAGS - CA BONDI BEACH AU AUS Card xx1037 Value Date: 20/06/2024","+2518.38"
22/06/2024,"-10.00","TRANSPORTFORNSW OPAL CHIPPENDALE AUS Card xx1037 Value Date: 20/06/2024","+2568.37"
20/06/2024,"-15.24","CHICKEN V SEOUL PTY WENTWORTH POINSWAU","+2578.37"
20/06/2024,"-1098.00","Direct Debit 505091 IGLU NO205 PTY 66935","+2593.61"
20/06/2024,"-24.29","SURFISH BONDI BEACH NSWAU","+3691.61"
20/06/2024,"+3185.00","IZMIRTA RACHMAN REF 2024062000015270","+3715.90"
20/06/2024,"-16.30","SUSHI HUB SKYVIEW PL SYDNEY NS AUS Card xx1037 Value Date: 17/06/2024","+530.90"
20/06/2024,"-4.20","Provender Australia SilverwateNSWAU","+547.20"
19/06/2024,"-35.00","TIMEZONE HAYMARKET AU Card xx1037","+551.40"
19/06/2024,"-29.00","LANGUAGE ACADEMY","+586.40"
19/06/2024,"-21.74","FAT FISH Annandale AU","+615.40"
18/06/2024,"-15.24","CHICKEN V SEOUL PTY WENTWORTH POINSWAU","+637.14"
18/06/2024,"-54.99","LinkedIn Pre 965769569 lnkd.in/bill AU AUS Card xx1037 Value Date: 14/06/2024","+652.38"
18/06/2024,"-4.49","APPLE.COM/BILL SYDNEY AU AUS Card xx1037 Value Date: 13/06/2024","+707.37"
18/06/2024,"-40.00","Carriageworks Eveleigh AU AUS Card xx1037 Value Date: 14/06/2024","+711.86"
18/06/2024,"-9.74","DidiChuxing DIDI MOBIL Sydney AU AUS Card xx1037 Value Date: 14/06/2024","+751.86"
18/06/2024,"-15.29","Australian Collection Sydney NS AUS Card xx1037 Value Date: 15/06/2024","+761.60"
18/06/2024,"-21.98","ENJOY MIE SYDNEY 02 AUS Card xx1037 Value Date: 15/06/2024","+776.89"
18/06/2024,"-17.00","HAYMARKET SEAFOOD HAYMARKET AU AUS Card xx1037 Value Date: 16/06/2024","+798.87"
18/06/2024,"-25.27","SWEET TOWN ON GEORGE S HAYMARKET 02 AUS Card xx1037 Value Date: 16/06/2024","+815.87"
18/06/2024,"-10.00","TRANSPORTFORNSW OPAL CHIPPENDALE AUS Card xx1037 Value Date: 15/06/2024","+841.14"
17/06/2024,"-22.07","STARBUCKS COFFEE B00 SYDNEY AU","+851.14"
17/06/2024,"-23.15","SQ *YUNNN PTY LTD Sydney AU","+873.21"
16/06/2024,"-7.60","STARBUCKS COFFEE B00 SYDNEY AU","+896.36"
15/06/2024,"-26.52","SQ *EMMY'S GOURMET GOZ The Rocks AU","+903.96"
15/06/2024,"-35.00","TIMEZONE HAYMARKET AU Card xx1037","+930.48"
15/06/2024,"-15.39","CHEMIST WAREHOUSE BONDI BEACH NS AUS Card xx1037 Value Date: 12/06/2024","+965.48"
14/06/2024,"-18.20","MCDONALDS BROADWAY SYDNEY NSWAU","+980.87"
14/06/2024,"-28.39","Roll'd Westfield Sydney AU","+999.07"
14/06/2024,"-4.00","LAT*IgluBroadway Chippindale AU AUS Card xx1037 Value Date: 11/06/2024","+1027.46"
14/06/2024,"-4.00","LAT*IgluBroadway Chippindale AU AUS Card xx1037 Value Date: 11/06/2024","+1031.46"
14/06/2024,"-4.00","LAT*IgluBroadway Chippindale AU AUS Card xx1037 Value Date: 11/06/2024","+1035.46"
14/06/2024,"-4.00","LAT*IgluBroadway Chippindale AU AUS Card xx1037 Value Date: 11/06/2024","+1039.46"
14/06/2024,"-4.00","LAT*IgluBroadway Chippindale AU AUS Card xx1037 Value Date: 11/06/2024","+1043.46"
14/06/2024,"-4.00","LAT*IgluBroadway Chippindale AU AUS Card xx1037 Value Date: 11/06/2024","+1047.46"
14/06/2024,"-1.59","International Transaction Fee Value Date: 12/06/2024","+1051.46"
14/06/2024,"-45.55","GRAMMARLY COXAXOD9Z 8883186146 CA USA Card xx1037 USD 30.00 Value Date: 12/06/2024","+1053.05"
14/06/2024,"-60.00","Carriageworks Eveleigh AU AUS Card xx1037 Value Date: 12/06/2024","+1098.60"
13/06/2024,"-8.40","STARBUCKS COFFEE B00 SYDNEY AU","+1158.60"
13/06/2024,"-31.09","PEPPER LUNCH SYDNEY NSWAU","+1167.00"
13/06/2024,"-121.20","MEDIBANK PHI DEBIT MELBOURNE AUS Card xx1037 Value Date: 11/06/2024","+1198.09"
12/06/2024,"-15.24","CHICKEN V SEOUL PTY WENTWORTH POINSWAU","+1319.29"
12/06/2024,"-24.29","SURFISH BONDI BEACH NSWAU","+1334.53"
12/06/2024,"-33.00","SQ *PEKO PEKO ?????? Darlington NS AUS Card xx1037 Value Date: 10/06/2024","+1358.82"
12/06/2024,"-34.98","FISH MARKET CAFE PYRMONT NS AUS Card xx1037 Value Date: 08/06/2024","+1391.82"
12/06/2024,"-0.10","International Transaction Fee Value Date: 09/06/2024","+1426.80"
12/06/2024,"-2.80","Google Storage Mountain View CA USA Card xx1037 IDR 29859.00 Value Date: 09/06/2024","+1426.90"
12/06/2024,"-3.40","Provender Australia SilverwateNSWAU","+1429.70"
12/06/2024,"-3.40","Provender Australia SilverwateNSWAU","+1433.10"
11/06/2024,"-35.00","TIMEZONE HAYMARKET AU Card xx1037","+1436.50"
11/06/2024,"-18.55","SQ *ENJOY MIE Ultimo AU","+1471.50"
11/06/2024,"-13.99","Spotify P2CD17E320 Sydney AU AUS Card xx1037 Value Date: 08/06/2024","+1490.05"
10/06/2024,"-26.35","SQ *DESSERT DEALER Pyrmont AU","+1504.04"
09/06/2024,"-21.83","SQ *ENJOY MIE Ultimo AU","+1530.39"
09/06/2024,"-17.99","Canva* 04177-13759430","+1552.22"
08/06/2024,"-10.14","SQ *DESSERT DEALER Pyrmont AU","+1570.21"
08/06/2024,"-23.34","SQ *ANTICO WOODFIRED P Pyrmont AU","+1580.35"
08/06/2024,"-10.15","Fruitezy Pyrmont AU","+1603.69"
08/06/2024,"-3.40","PROVENDER HOLDINGS AUS Waterloo AU AUS Card xx1037 Value Date: 06/06/2024","+1613.84"
08/06/2024,"-4.20","PROVENDER HOLDINGS AUS Waterloo AU AUS Card xx1037 Value Date: 06/06/2024","+1617.24"
08/06/2024,"-3.40","PROVENDER HOLDINGS AUS Waterloo AU AUS Card xx1037 Value Date: 06/06/2024","+1621.44"
08/06/2024,"-23.34","PANCAKES ON THE ROCKS HAYMARKET NS AUS Card xx1037 Value Date: 06/06/2024","+1624.84"
07/06/2024,"-35.00","TIMEZONE HAYMARKET AU Card xx1037","+1648.18"
07/06/2024,"-18.48","SQ *ENJOY MIE Ultimo AU","+1683.18"
06/06/2024,"-1098.00","Direct Debit 505091 IGLU NO205 PTY 66935","+1701.66"
06/06/2024,"-123.68","Direct Debit 119218 Vodafone Aus A3-2a910409","+2799.66"
06/06/2024,"-3.20","Provender Australia SilverwateNSWAU","+2923.34"
05/06/2024,"-18.48","SQ *ENJOY MIE Ultimo AU","+2926.54"
05/06/2024,"-20.80","PANCAKES ON THE ROCKS HAYMARKET NS AUS Card xx1037 Value Date: 03/06/2024","+2945.02"
05/06/2024,"-9.99","APPLE.COM/BILL SYDNEY NS AUS Card xx1037 Value Date: 03/06/2024","+2965.82"
05/06/2024,"-19.59","HUNGER KEBAB PTY LTD ULTIMO NS AUS Card xx1037 Value Date: 03/06/2024","+2975.81"
04/06/2024,"-11.50","TSG BROADWAY CHIPPENDALE NSW AU","+2995.40"
04/06/2024,"-22.84","Spago Darling Square Haymarket AU","+3006.90"
04/06/2024,"-20.49","APPLE.COM/BILL SYDNEY AU AUS Card xx1037 Value Date: 30/05/2024","+3029.74"
04/06/2024,"-13.99","CRUNCHYROLL *AUD 415-503-9235 CA USA Card xx1037 AUD 13.99 Value Date: 01/06/2024","+3050.23"
04/06/2024,"-29.99","ADOBE ADOBE.LY/ENAU AU AUS Card xx1037 Value Date: 01/06/2024","+3064.22"
04/06/2024,"-21.98","ENJOY MIE SYDNEY 02 AUS Card xx1037 Value Date: 02/06/2024","+3094.21"
03/06/2024,"-40.54","SQ *BRAZILIAN FLAME Ultimo AU","+3116.19"
03/06/2024,"-11.14","PANCAKES ON THE ROCKS","+3156.73"
02/06/2024,"-8.20","STARBUCKS COFFEE B01 CHIPPENDALE AU","+3167.87"
01/06/2024,"-3.00","Provender Australia SilverwateNSWAU","+3176.07"
01/06/2024,"-3.40","Provender Australia SilverwateNSWAU","+3179.07"
01/06/2024,"-3.20","Provender Australia SilverwateNSWAU","+3182.47"
01/06/2024,"-0.04","Debit Excess Interest","+3185.67"
31/05/2024,"-23.34","SQ *ANTICO WOODFIRED P Pyrmont AU","+3185.71"
31/05/2024,"-7.50","ANDERSENS OF DENMARK ICE COOGEE NSW AU Card xx1037","+3209.05"
31/05/2024,"-18.14","SQ *ENJOY MIE Ultimo AU","+3216.55"
31/05/2024,"-32.48","Macchiato Sydney NS AUS Card xx1037 Value Date: 29/05/2024","+3234.69"
30/05/2024,"-19.40","PMC GOLDEN TOWER PTY L HAYMARKET AU","+3267.17"
29/05/2024,"-3.20","Provender Australia SilverwateNSWAU Value Date: 30/05/2024","+3286.57"
29/05/2024,"-3.00","Provender Australia SilverwateNSWAU Value Date: 30/05/2024","+3289.77"
29/05/2024,"-20.73","SQ *ENJOY MIE Ultimo AU","+3292.77"
29/05/2024,"-34.47","APPLE.COM/BILL SYDNEY AU AUS Card xx1037 Value Date: 25/05/2024","+3313.50"
28/05/2024,"-22.11","Goobne Chatime Sydney AU","+3347.97"
28/05/2024,"-22.76","SQ *ENJOY MIE Ultimo AU","+3370.08"
28/05/2024,"+3185.00","IZMIRTA RACHMAN REF 2024052800013034","+3392.84"
28/05/2024,"-0.26","International Transaction Fee Value Date: 24/05/2024","+207.84"
28/05/2024,"-7.57","A MEDIUM CORPORATION 4155085008 CA USA Card xx1037 USD 5.00 Value Date: 24/05/2024","+208.10"
28/05/2024,"-47.00","SCRIMBA OSLO DU NOR Card xx1037 AUD 47.00 Value Date: 26/05/2024","+215.67"
28/05/2024,"-0.53","International Transaction Fee Value Date: 26/05/2024","+262.67"
28/05/2024,"-15.16","WWW.SYMBOLAB.COM REDWOOD CITY CA USA Card xx1037 USD 9.99 Value Date: 26/05/2024","+263.20"
28/05/2024,"-1.17","International Transaction Fee Value Date: 26/05/2024","+278.36"
28/05/2024,"-33.39","OPENAI *CHATGPT SUBSCR SAN FRANCISCO CA USA Card xx1037 USD 22.00 Value Date: 26/05/2024","+279.53"
28/05/2024,"-15.60","UBER* TRIP","+312.92"
26/05/2024,"-5.08","SQ *ANTICO WOODFIRED P Pyrmont AU","+328.52"
26/05/2024,"-18.27","SQ *ANTICO WOODFIRED P Pyrmont AU","+333.60"
25/05/2024,"-13.20","OIDEN 11 PTY LTD SYDNEY AU AUS Card xx1037 Value Date: 23/05/2024","+351.87"
24/05/2024,"+300.00","CASH DEPOSIT CBA ATM HAYMARKET A NSW 200601 AUS","+365.07"
23/05/2024,"-1098.00","Direct Debit 505091 IGLU NO205 PTY 66935","+65.07"
23/05/2024,"-6.30","Sharetea Meriton T Sydney AU","+1163.07"
23/05/2024,"-21.74","SQ *ENJOY MIE Ultimo AU","+1169.37"
23/05/2024,"-8.80","STARBUCKS COFFEE B01 CHIPPENDALE AU","+1191.11"
23/05/2024,"-4.00","LAT*IgluBroadway Chippindale AU AUS Card xx1037 Value Date: 20/05/2024","+1199.91"
23/05/2024,"-14.19","DidiChuxing DIDI MOBIL Sydney AU AUS Card xx1037 Value Date: 21/05/2024","+1203.91"
23/05/2024,"-12.80","DidiChuxing DIDI MOBIL Sydney AU AUS Card xx1037 Value Date: 21/05/2024","+1218.10"
23/05/2024,"-10.00","TRANSPORTFORNSW OPAL CHIPPENDALE AUS Card xx1037 Value Date: 22/05/2024","+1230.90"
22/05/2024,"-10.17","Fruitezy Pyrmont AU","+1240.90"
22/05/2024,"-4.80","WOOLWORTHS 1905 SYDNEY AU AUS Card xx1037 Value Date: 20/05/2024","+1251.07"
22/05/2024,"-4.00","LAT*IgluBroadway Chippindale AU AUS Card xx1037 Value Date: 20/05/2024","+1255.87"
22/05/2024,"-4.00","LAT*IgluBroadway Chippindale AU AUS Card xx1037 Value Date: 20/05/2024","+1259.87"
22/05/2024,"-4.00","LAT*IgluBroadway Chippindale AU AUS Card xx1037 Value Date: 20/05/2024","+1263.87"
22/05/2024,"-4.00","LAT*IgluBroadway Chippindale AU AUS Card xx1037 Value Date: 20/05/2024","+1267.87"
22/05/2024,"-4.00","LAT*IgluBroadway Chippindale AU AUS Card xx1037 Value Date: 20/05/2024","+1271.87"
22/05/2024,"-4.00","LAT*IgluBroadway Chippindale AU AUS Card xx1037 Value Date: 20/05/2024","+1275.87"
22/05/2024,"-4.00","LAT*IgluBroadway Chippindale AU AUS Card xx1037 Value Date: 20/05/2024","+1279.87"
22/05/2024,"-4.00","LAT*IgluBroadway Chippindale AU AUS Card xx1037 Value Date: 20/05/2024","+1283.87"
22/05/2024,"-4.00","LAT*IgluBroadway Chippindale AU AUS Card xx1037 Value Date: 20/05/2024","+1287.87"
22/05/2024,"-10.00","TRANSPORTFORNSW OPAL CHIPPENDALE AUS Card xx1037 Value Date: 20/05/2024","+1291.87"
22/05/2024,"-3.40","Provender Australia SilverwateNSWAU","+1301.87"
22/05/2024,"-3.40","Provender Australia SilverwateNSWAU","+1305.27"
21/05/2024,"-7.00","UNI OF SYDNEY UNION UNI OF SYDNEY NS AUS Card xx1037 Value Date: 17/05/2024","+1308.67"
21/05/2024,"-0.51","ENJOY MIE SYDNEY 02 AUS Card xx1037 Value Date: 19/05/2024","+1315.67"
21/05/2024,"-29.00","LANGUAGE ACADEMY NORTH KELLYVI NS AUS Card xx1037 Value Date: 19/05/2024","+1316.18"
19/05/2024,"-4.20","Provender Australia SilverwateNSWAU","+1345.18"
19/05/2024,"-4.20","Provender Australia SilverwateNSWAU","+1349.38"
19/05/2024,"-4.20","Provender Australia SilverwateNSWAU","+1353.58"
19/05/2024,"-21.74","SQ *ENJOY MIE Ultimo AU","+1357.78"
18/05/2024,"-4.57","SQ *ENJOY MIE Ultimo AU","+1379.52"
16/05/2024,"-5.07","Fruitezy Pyrmont AU","+1384.09"
16/05/2024,"-9.04","DidiChuxing DIDI MOBIL Sydney AU AUS Card xx1037 Value Date: 14/05/2024","+1389.16"
16/05/2024,"-54.99","LinkedIn Pre 955536961 lnkd.in/bill AU AUS Card xx1037 Value Date: 14/05/2024","+1398.20"
15/05/2024,"-21.74","SQ *ENJOY MIE Ultimo AU","+1453.19"
15/05/2024,"-4.00","LAT*IgluBroadway Chippindale AU AUS Card xx1037 Value Date: 10/05/2024","+1474.93"
15/05/2024,"-4.00","LAT*IgluBroadway Chippindale AU AUS Card xx1037 Value Date: 10/05/2024","+1478.93"
15/05/2024,"-4.00","LAT*IgluBroadway Chippindale AU AUS Card xx1037 Value Date: 10/05/2024","+1482.93"
15/05/2024,"-4.00","LAT*IgluBroadway Chippindale AU AUS Card xx1037 Value Date: 10/05/2024","+1486.93"
15/05/2024,"-16.67","OZEKI BOWL Sydney NS AUS Card xx1037 Value Date: 13/05/2024","+1490.93"
15/05/2024,"-4.49","APPLE.COM/BILL SYDNEY NS AUS Card xx1037 Value Date: 13/05/2024","+1507.60"
15/05/2024,"-121.20","MEDIBANK PHI DEBIT MELBOURNE AUS Card xx1037 Value Date: 13/05/2024","+1512.09"
14/05/2024,"-4.00","LAT*IgluBroadway Chippindale AU AUS Card xx1037 Value Date: 10/05/2024","+1633.29"
14/05/2024,"-4.00","LAT*IgluBroadway Chippindale AU AUS Card xx1037 Value Date: 10/05/2024","+1637.29"
14/05/2024,"-4.00","LAT*IgluBroadway Chippindale AU AUS Card xx1037 Value Date: 10/05/2024","+1641.29"
14/05/2024,"-4.00","LAT*IgluBroadway Chippindale AU AUS Card xx1037 Value Date: 10/05/2024","+1645.29"
14/05/2024,"-20.49","APPLE.COM/BILL SYDNEY NS AUS Card xx1037 Value Date: 10/05/2024","+1649.29"
14/05/2024,"-0.09","International Transaction Fee Value Date: 09/05/2024","+1669.78"
14/05/2024,"-2.84","Google Storage Mountain View CA USA Card xx1037 IDR 29859.00 Value Date: 09/05/2024","+1669.87"
14/05/2024,"-1.37","International Transaction Fee Value Date: 12/05/2024","+1672.71"
14/05/2024,"-45.50","GRAMMARLY COVINNKW0 8883186146 CA USA Card xx1037 USD 30.00 Value Date: 12/05/2024","+1674.08"
13/05/2024,"-7.12","Roll'd Westfield Sydney AU","+1719.58"
12/05/2024,"-10.15","Fruitezy Pyrmont AU","+1726.70"
12/05/2024,"-5.07","Fruitezy Pyrmont AU","+1736.85"
11/05/2024,"-6.27","Gelato Messina - SC Pyrmont AU","+1741.92"
11/05/2024,"-5.89","Kensington Investment Chippendale AU","+1748.19"
11/05/2024,"-15.76","Kensington Investment Chippendale AU","+1754.08"
11/05/2024,"-22.23","SWEET TOWN ON GEORGE HAYMARKET NS AUS Card xx1037 Value Date: 08/05/2024","+1769.84"
10/05/2024,"-44.40","SQ *ENJOY MIE Ultimo AU","+1792.07"
10/05/2024,"-9.40","WOOLWORTHS 1905 SYDNEY AU AUS Card xx1037 Value Date: 08/05/2024","+1836.47"
10/05/2024,"-13.99","Spotify P2C0842D18 Sydney AU AUS Card xx1037 Value Date: 08/05/2024","+1845.87"
10/05/2024,"-21.98","ENJOY MIE SYDNEY 02 AUS Card xx1037 Value Date: 08/05/2024","+1859.86"
09/05/2024,"-1098.00","Direct Debit 505091 IGLU NO205 PTY 66935","+1881.84"
09/05/2024,"-17.99","Canva* 04146-22217831","+2979.84"
09/05/2024,"-32.88","Zhangliang spicy hotp Haymarket AU","+2997.83"
08/05/2024,"-8.80","STARBUCKS COFFEE B00 SYDNEY AU","+3030.71"
08/05/2024,"-15.00","Overdraw Fee For exceeding available funds on 07 May","+3039.51"
08/05/2024,"-35.00","TIMEZONE HAYMARKET AU Card xx1037","+3054.51"
08/05/2024,"+3185.00","IZMIRTA RACHMAN REF 2024050800012626","+3089.51"
07/05/2024,"-123.68","Direct Debit 119218 Vodafone Aus A3-2a2d8308","-95.49"
07/05/2024,"-9.99","APPLE.COM/BILL SYDNEY NS AUS Card xx1037 Value Date: 03/05/2024","+28.19"
07/05/2024,"-72.25","Tickets*SUDATA x S BELROSE AU AUS Card xx1037 Value Date: 03/05/2024","+38.18"
07/05/2024,"-14.45","1342_Broadway_KFC Pyrmont AU AUS Card xx1037 Value Date: 03/05/2024","+110.43"
07/05/2024,"-20.70","ICC Darling Harbour Sydney NS AUS Card xx1037 Value Date: 05/05/2024","+124.88"
07/05/2024,"-3.40","PROVENDER HOLDINGS AUS Waterloo AU AUS Card xx1037 Value Date: 05/05/2024","+145.58"
05/05/2024,"-21.40","SQ *ENJOY MIE Ultimo AU","+148.98"
05/05/2024,"-3.40","Provender Australia SilverwateNSWAU","+170.38"
05/05/2024,"-4.20","Provender Australia SilverwateNSWAU","+173.78"
04/05/2024,"-5.08","Shalom Restaurant Sydney AU","+177.98"
04/05/2024,"-34.51","Shalom Restaurant Sydney AU","+183.06"
04/05/2024,"-20.70","ICC Darling Harbour Sydney NS AUS Card xx1037 Value Date: 02/05/2024","+217.57"
04/05/2024,"-19.90","OZEKI BOWL Sydney NS AUS Card xx1037 Value Date: 02/05/2024","+238.27"
03/05/2024,"-4.59","SQ *ENJOY MIE Ultimo AU","+258.17"
03/05/2024,"-21.40","SQ *ENJOY MIE Ultimo AU","+262.76"
03/05/2024,"-13.99","CRUNCHYROLL *AUD 415-503-9235 CA USA Card xx1037 AUD 13.99 Value Date: 01/05/2024","+284.16"
03/05/2024,"-14.50","XIN MEI FASHION SYDNEY NS AUS Card xx1037 Value Date: 01/05/2024","+298.15"
03/05/2024,"-29.99","ADOBE ADOBE.LY/ENAU AU AUS Card xx1037 Value Date: 01/05/2024","+312.65"
02/05/2024,"-8.80","STARBUCKS COFFEE B01 CHIPPENDALE AU","+342.64"
02/05/2024,"-59.99","APPLE.COM/BILL SYDNEY AU AUS Card xx1037 Value Date: 30/04/2024","+351.44"
01/05/2024,"-3.40","Provender Australia SilverwateNSWAU","+411.43"
01/05/2024,"-4.20","Provender Australia SilverwateNSWAU","+414.83"
01/05/2024,"-3.40","Provender Australia SilverwateNSWAU","+419.03"
01/05/2024,"-15.76","Kensington Investment Chippendale AU","+422.43"
01/05/2024,"-21.80","SQ *ENJOY MIE Ultimo AU","+438.19"
30/04/2024,"-28.09","Zhangliang spicy hotp Haymarket AU","+459.99"
30/04/2024,"-0.46","International Transaction Fee Value Date: 26/04/2024","+488.08"
30/04/2024,"-15.41","WWW.SYMBOLAB.COM REDWOOD CITY CA USA Card xx1037 USD 9.99 Value Date: 26/04/2024","+488.54"
30/04/2024,"-29.00","APPLE R523 BROADWAY ULTIMO NS AUS Card xx1037 Value Date: 26/04/2024","+503.95"
30/04/2024,"-12.99","APPLE.COM/BILL SYDNEY AU AUS Card xx1037 Value Date: 25/04/2024","+532.95"
30/04/2024,"-1.02","International Transaction Fee Value Date: 26/04/2024","+545.94"
30/04/2024,"-33.93","CHATGPT SUBSCRIPTION SAN FRANCISCO CA USA Card xx1037 USD 22.00 Value Date: 26/04/2024","+546.96"
30/04/2024,"-24.04","ENJOY MIE SYDNEY 02 AUS Card xx1037 Value Date: 26/04/2024","+580.89"
30/04/2024,"-14.70","1342_Broadway_KFC Pyrmont AU AUS Card xx1037 Value Date: 26/04/2024","+604.93"
30/04/2024,"-46.01","PANCAKES ON THE ROCKS HAYMARKET AUS Card xx1037 Value Date: 25/04/2024","+619.63"
29/04/2024,"-41.47","FF Darling Harbour Sydney AU","+665.64"
28/04/2024,"-33.82","PEPPER LUNCH SYDNEY NSWAU","+707.11"
28/04/2024,"-7.50","ANDERSENS OF DENMARK ICE COOGEE NSW AU Card xx1037","+740.93"
28/04/2024,"-21.42","VE-SWEET PTY LTD LIDCOMBE NSW AU","+748.43"
27/04/2024,"-2.55","Zhangliang spicy hotp Haymarket AU","+769.85"
27/04/2024,"-24.28","Zhangliang spicy hotp Haymarket AU","+772.40"
27/04/2024,"-19.70","ICC Darling Harbour Sydney NS AUS Card xx1037 Value Date: 24/04/2024","+796.68"
27/04/2024,"-0.23","International Transaction Fee Value Date: 24/04/2024","+816.38"
27/04/2024,"-7.77","A MEDIUM CORPORATION 4155085008 CA USA Card xx1037 USD 5.00 Value Date: 24/04/2024","+816.61"
27/04/2024,"-47.00","SCRIMBA OSLO DU NOR Card xx1037 AUD 47.00 Value Date: 26/04/2024","+824.38"
27/04/2024,"-10.00","TRANSPORTFORNSW OPAL CHIPPENDALE AUS Card xx1037 Value Date: 24/04/2024","+871.38"
26/04/2024,"-1098.00","Direct Debit 505091 IGLU NO205 PTY 66935","+881.38"
26/04/2024,"-0.50","SQ *ENJOY MIE Ultimo AU","+1979.38"
25/04/2024,"-10.50","TSG BROADWAY CHIPPENDALE NSW AU","+1979.88"
25/04/2024,"-6.84","STARBUCKS COFFEE B01 CHIPPENDALE AU","+1990.38"
25/04/2024,"-15.80","ICC Darling Harbour Sydney NS AUS Card xx1037 Value Date: 23/04/2024","+1997.22"
25/04/2024,"-23.01","ENJOY MIE SYDNEY 02 AUS Card xx1037 Value Date: 23/04/2024","+2013.02"
25/04/2024,"-21.48","APPLE.COM/BILL SYDNEY AU AUS Card xx1037 Value Date: 23/04/2024","+2036.03"
25/04/2024,"-4.50","PARRA GROUP PL PARRAMATTA AUS Card xx1037 Value Date: 22/04/2024","+2057.51"
25/04/2024,"-10.00","TRANSPORTFORNSW OPAL CHIPPENDALE AUS Card xx1037 Value Date: 24/04/2024","+2062.01"
24/04/2024,"-12.19","SIBYS KEBAB AND PIDE P PARRAMATTA AU AUS Card xx1037 Value Date: 22/04/2024","+2072.01"
24/04/2024,"-39.60","JORDANS SEAFOOD SYDNEY NS AUS Card xx1037 Value Date: 21/04/2024","+2084.20"
24/04/2024,"-18.25","PARRA GROUP PL PARRAMATTA AUS Card xx1037 Value Date: 22/04/2024","+2123.80"
24/04/2024,"-1140.36","IGLU NO. 205 PTY LTD SYDNEY AUS Card xx1037 Value Date: 22/04/2024","+2142.05"
23/04/2024,"-45.00","UNI OF SYDNEY UNION","+3282.41"
23/04/2024,"-49.99","DYMOCKS SYDNEY SYDNEY AU","+3327.41"
23/04/2024,"-28.30","MAPPEN 10 PTY LTD SYDNEY AU AUS Card xx1037 Value Date: 19/04/2024","+3377.40"
23/04/2024,"-13.95","1342_Broadway_KFC Pyrmont AU AUS Card xx1037 Value Date: 19/04/2024","+3405.70"
23/04/2024,"-11.95","1342_Broadway_KFC Pyrmont AU AUS Card xx1037 Value Date: 21/04/2024","+3419.65"
20/04/2024,"-9.00","TSG BROADWAY CHIPPENDALE NSW AU","+3431.60"
20/04/2024,"-29.33","HOLY BASIL DARLING SQUARE HAYMARK NSW AU Card xx1037","+3440.60"
20/04/2024,"-7.50","ANDERSENS OF DENMARK ICE COOGEE NSW AU Card xx1037","+3469.93"
20/04/2024,"-22.72","Zhangliang spicy hotp Haymarket AU","+3477.43"
20/04/2024,"-27.54","CONCRETE JUNGLE CHIPPENDALE NS AUS Card xx1037 Value Date: 18/04/2024","+3500.15"
19/04/2024,"-29.00","LANGUAGE ACADEMY","+3527.69"
19/04/2024,"-8.08","NOODLES YOUR WAY SYDNEY AU AUS Card xx1037 Value Date: 17/04/2024","+3556.69"
18/04/2024,"-41.47","FF Darling Harbour Sydney AU","+3564.77"
18/04/2024,"-9.60","NOODLES YOUR WAY SYDNEY AU AUS Card xx1037 Value Date: 16/04/2024","+3606.24"
18/04/2024,"-21.90","SUSHI HUB BROADWAY HAYMARKET NS AUS Card xx1037 Value Date: 15/04/2024","+3615.84"
17/04/2024,"-3.00","Provender Australia SilverwateNSWAU","+3637.74"
17/04/2024,"-17.69","Zhangliang spicy hotp Haymarket AU","+3640.74"
17/04/2024,"-5.30","STARBUCKS COFFEE B00 SYDNEY AU","+3658.43"
17/04/2024,"-35.00","TIMEZONE HAYMARKET AU Card xx1037","+3663.73"
17/04/2024,"+3185.00","IZMIRTA RACHMAN REF 2024041700014309","+3698.73"
17/04/2024,"-23.63","ENJOY MIE SYDNEY 02 AUS Card xx1037 Value Date: 15/04/2024","+513.73"
17/04/2024,"-21.21","SWEET TOWN ON GEORGE HAYMARKET NS AUS Card xx1037 Value Date: 14/04/2024","+537.36"
16/04/2024,"-8.80","STARBUCKS COFFEE B01 CHIPPENDALE AU","+558.57"
16/04/2024,"-1.39","International Transaction Fee Value Date: 12/04/2024","+567.37"
16/04/2024,"-46.18","GRAMMARLY COMVNTKAE 8883186146 CA USA Card xx1037 USD 30.00 Value Date: 12/04/2024","+568.76"
16/04/2024,"-28.20","MAPPEN 10 PTY LTD SYDNEY AU AUS Card xx1037 Value Date: 13/04/2024","+614.94"
16/04/2024,"-4.49","APPLE.COM/BILL SYDNEY NS AUS Card xx1037 Value Date: 13/04/2024","+643.14"
16/04/2024,"-54.99","LinkedIn Pre 945089543 lnkd.in/bill AU AUS Card xx1037 Value Date: 14/04/2024","+647.63"
16/04/2024,"-22.91","ENJOY MIE SYDNEY 02 AUS Card xx1037 Value Date: 14/04/2024","+702.62"
15/04/2024,"-7.40","STARBUCKS COFFEE B01 CHIPPENDALE AU","+725.53"
14/04/2024,"-8.20","STARBUCKS COFFEE B00 SYDNEY AU","+732.93"
14/04/2024,"-15.40","MCDONALDS BROADWAY SYDNEY NSWAU","+741.13"
13/04/2024,"-4.00","LAT*IgluBroadway Chippindale AU AUS Card xx1037 Value Date: 11/04/2024","+756.53"
13/04/2024,"-4.00","LAT*IgluBroadway Chippindale AU AUS Card xx1037 Value Date: 11/04/2024","+760.53"
13/04/2024,"-4.00","LAT*IgluBroadway Chippindale AU AUS Card xx1037 Value Date: 11/04/2024","+764.53"
13/04/2024,"-4.00","LAT*IgluBroadway Chippindale AU AUS Card xx1037 Value Date: 11/04/2024","+768.53"
13/04/2024,"-121.20","MEDIBANK PHI DEBIT MELBOURNE AUS Card xx1037 Value Date: 11/04/2024","+772.53"
12/04/2024,"-21.33","Zhangliang spicy hotp Haymarket AU","+893.73"
12/04/2024,"-5.00","Unpaid Payment Fee Value Date: 11/04/2024","+915.06"
12/04/2024,"+1098.00","Return 11/04/24 Direct Debit 505091 IGLU NO205 PTY 66935 Value Date: 11/04/2024","+920.06"
12/04/2024,"-21.50","GOLDEN TOWER P C PTY L HAYMARKET AU AUS Card xx1037 Value Date: 09/04/2024","-177.94"
12/04/2024,"-0.09","International Transaction Fee Value Date: 09/04/2024","-156.44"
12/04/2024,"-2.88","Google Storage Mountain View CA USA Card xx1037 IDR 29859.00 Value Date: 09/04/2024","-156.35"
12/04/2024,"-16.67","OZEKI BOWL Sydney NS AUS Card xx1037 Value Date: 10/04/2024","-153.47"
11/04/2024,"-1098.00","Direct Debit 505091 IGLU NO205 PTY 66935","-136.80"
11/04/2024,"-16.95","TSG BROADWAY CHIPPENDALE NSW AU","+961.20"
11/04/2024,"-14.73","Kensington Investment Chippendale AU","+978.15"
11/04/2024,"-16.44","ENJOY MIE SYDNEY 02 AUS Card xx1037 Value Date: 09/04/2024","+992.88"
10/04/2024,"-20.80","ZLR*It's time for Thai Haymarket AU","+1009.32"
10/04/2024,"-7.50","ANDERSENS OF DENMARK ICE COOGEE NSW AU Card xx1037","+1030.12"
10/04/2024,"-3.40","PROVENDER HOLDINGS AUS Waterloo AU AUS Card xx1037 Value Date: 07/04/2024","+1037.62"
10/04/2024,"-3.00","PROVENDER HOLDINGS AUS Waterloo AU AUS Card xx1037 Value Date: 07/04/2024","+1041.02"
09/04/2024,"-7.30","STARBUCKS COFFEE B00 SYDNEY AU","+1044.02"
09/04/2024,"-17.99","Canva","+1051.32"
09/04/2024,"-54.40","SUSHI HUB SYDNEY SYDNEY NS AUS Card xx1037 Value Date: 04/04/2024","+1069.31"
09/04/2024,"-22.91","ENJOY MIE SYDNEY 02 AUS Card xx1037 Value Date: 06/04/2024","+1123.71"
09/04/2024,"-21.98","ENJOY MIE SYDNEY 02 AUS Card xx1037 Value Date: 07/04/2024","+1146.62"
09/04/2024,"-12.99","Spotify P2B38CC728 Sydney AU AUS Card xx1037 Value Date: 07/04/2024","+1168.60"
08/04/2024,"-3.00","SIXPROGRESSION PTY LTD ULTIMO NSW AU","+1181.59"
08/04/2024,"-21.80","SIXPROGRESSION PTY LTD ULTIMO NSW AU","+1184.59"
08/04/2024,"-8.50","STARBUCKS COFFEE B01 CHIPPENDALE AU","+1206.39"
07/04/2024,"-3.40","Provender Australia SilverwateNSWAU","+1214.89"
07/04/2024,"-7.50","ANDERSENS OF DENMARK ICE COOGEE NSW AU Card xx1037","+1218.29"
07/04/2024,"-3.40","Provender Australia SilverwateNSWAU","+1225.79"
07/04/2024,"-3.40","Provender Australia SilverwateNSWAU","+1229.19"
06/04/2024,"-8.20","STARBUCKS COFFEE B00 SYDNEY AU","+1232.59"
05/04/2024,"-116.48","Direct Debit 119218 Vodafone Aus A3-29c789010","+1240.79"
05/04/2024,"-43.49","FF Darling Harbour Sydney AU","+1357.27"
05/04/2024,"-9.99","APPLE.COM/BILL SYDNEY NS AUS Card xx1037 Value Date: 03/04/2024","+1400.76"
05/04/2024,"-7.50","ANDERSEN'S OF DENMAR COOGEE NS AUS Card xx1037 Value Date: 02/04/2024","+1410.75"
04/04/2024,"-12.12","NOODLES YOUR WAY SYDNEY AU AUS Card xx1037 Value Date: 02/04/2024","+1418.25"
04/04/2024,"-13.99","CRUNCHYROLL *AUD 415-503-9235 CA USA Card xx1037 AUD 13.99 Value Date: 02/04/2024","+1430.37"
04/04/2024,"-39.99","COTTON ON MARKET CIT SYDNEY NS AUS Card xx1037 Value Date: 02/04/2024","+1444.36"
04/04/2024,"-80.00","AUTHENTICS FACTORY O HAYMARKET NS AUS Card xx1037 Value Date: 02/04/2024","+1484.35"
04/04/2024,"-25.40","TSG BROADWAY PTY LTD CHIPPENDALE AUS Card xx1037 Value Date: 30/03/2024","+1564.35"
04/04/2024,"-9.14","CARMEL DYER CONCESSI MAROUBRA NS AUS Card xx1037 Value Date: 31/03/2024","+1589.75"
04/04/2024,"-9.14","CARMEL DYER CONCESSI MAROUBRA NS AUS Card xx1037 Value Date: 31/03/2024","+1598.89"
03/04/2024,"-22.50","PMC GOLDEN TOWER PTY L HAYMARKET AU","+1608.03"
03/04/2024,"-28.30","MAPPEN 10 PTY LTD SYDNEY AU AUS Card xx1037 Value Date: 28/03/2024","+1630.53"
03/04/2024,"-4.00","LAT*IgluBroadway Chippindale AU AUS Card xx1037 Value Date: 28/03/2024","+1658.83"
03/04/2024,"-4.00","LAT*IgluBroadway Chippindale AU AUS Card xx1037 Value Date: 28/03/2024","+1662.83"
03/04/2024,"-4.00","LAT*IgluBroadway Chippindale AU AUS Card xx1037 Value Date: 28/03/2024","+1666.83"
03/04/2024,"-4.00","LAT*IgluBroadway Chippindale AU AUS Card xx1037 Value Date: 28/03/2024","+1670.83"
03/04/2024,"-4.00","LAT*IgluBroadway Chippindale AU AUS Card xx1037 Value Date: 28/03/2024","+1674.83"
03/04/2024,"-4.00","LAT*IgluBroadway Chippindale AU AUS Card xx1037 Value Date: 28/03/2024","+1678.83"
03/04/2024,"-47.35","ENJOY MIE SYDNEY 02 AUS Card xx1037 Value Date: 29/03/2024","+1682.83"
03/04/2024,"-14.00","Carvery Catering Carlton VI AUS Card xx1037 Value Date: 31/03/2024","+1730.18"
03/04/2024,"-33.48","APPLE.COM/BILL SYDNEY NS AUS Card xx1037 Value Date: 30/03/2024","+1744.18"
03/04/2024,"-7.50","ANDERSEN'S OF DENMAR COOGEE NS AUS Card xx1037 Value Date: 30/03/2024","+1777.66"
03/04/2024,"-36.57","RES*Sydney Royal East Sydney Olympi AU AUS Card xx1037 Value Date: 31/03/2024","+1785.16"
03/04/2024,"-95.50","TM *TICKETMASTERAU Melbourne AU AUS Card xx1037 Value Date: 29/03/2024","+1821.73"
03/04/2024,"-21.40","WOOLWORTHS 1905 SYDNEY AU AUS Card xx1037 Value Date: 01/04/2024","+1917.23"
03/04/2024,"-29.99","ADOBE ADOBE.LY/ENAU AU AUS Card xx1037 Value Date: 01/04/2024","+1938.63"
03/04/2024,"-10.00","TRANSPORTFORNSW OPAL CHIPPENDALE AUS Card xx1037 Value Date: 31/03/2024","+1968.62"
02/04/2024,"-8.80","STARBUCKS COFFEE B01 CHIPPENDALE AU","+1978.62"
01/04/2024,"-35.37","Zhangliang spicy hotp Haymarket AU","+1987.42"
01/04/2024,"-9.43","STARBUCKS COFFEE B00 SYDNEY AU","+2022.79"
31/03/2024,"+45.00","Fast Transfer From ALTAF DIKRI Ticket Easter Show","+2032.22"
31/03/2024,"-30.45","NXT*Easter Show Sendrat CarnegieVI AU","+1987.22"
31/03/2024,"-36.54","NXT*Easter Show Sendrat CarnegieVI AU","+2017.67"
31/03/2024,"-19.28","SQ *BIANCO DOME Sydney Olympi AU","+2054.21"
31/03/2024,"-18.27","SQ *ACE ATTRACTIONS Sydney Olympi AU","+2073.49"
31/03/2024,"-14.00","SQ *SPECIAL EVENTS & V Sydney Olympi AU","+2091.76"
30/03/2024,"-60.10","HURRICANES GRILL CIRCU SYDNEY AU Card xx1037","+2105.76"
29/03/2024,"-25.26","Zhangliang spicy hotp Haymarket AU","+2165.86"
29/03/2024,"-30.00","SQ *PEKO PEKO ?????? Darlington NS AUS Card xx1037 Value Date: 27/03/2024","+2191.12"
28/03/2024,"-15.40","MCDONALDS BROADWAY SYDNEY NSWAU Value Date: 29/03/2024","+2221.12"
28/03/2024,"-1098.00","Direct Debit 505091 IGLU NO205 PTY 66935","+2236.52"
28/03/2024,"-26.30","MAPPEN 10 PTY LTD SYDNEY AU AUS Card xx1037 Value Date: 26/03/2024","+3334.52"
28/03/2024,"-0.46","International Transaction Fee Value Date: 26/03/2024","+3360.82"
28/03/2024,"-15.36","WWW.SYMBOLAB.COM REDWOOD CITY CA USA Card xx1037 USD 9.99 Value Date: 26/03/2024","+3361.28"
28/03/2024,"-15.40","TB_Haymarket_3114 Pyrmont AU AUS Card xx1037 Value Date: 26/03/2024","+3376.64"
28/03/2024,"-3.40","PROVENDER HOLDINGS AUS Waterloo AU AUS Card xx1037 Value Date: 25/03/2024","+3392.04"
28/03/2024,"-169.00","JB HI FI STRAND ARCA SYDNEY NS AUS Card xx1037 Value Date: 25/03/2024","+3395.44"
28/03/2024,"-21.48","APPLE.COM/BILL SYDNEY AU AUS Card xx1037 Value Date: 25/03/2024","+3564.44"
28/03/2024,"-1.01","International Transaction Fee Value Date: 26/03/2024","+3585.92"
28/03/2024,"-33.82","CHATGPT SUBSCRIPTION SAN FRANCISCO CA USA Card xx1037 USD 22.00 Value Date: 27/03/2024","+3586.93"
27/03/2024,"-7.90","STARBUCKS COFFEE B01 CHIPPENDALE AU","+3620.75"
27/03/2024,"-75.00","FRIENDS & FAMILY SALONS CHIPPENDA NSW AU","+3628.65"
27/03/2024,"-47.00","SCRIMBA OSLO DU NOR Card xx1037 AUD 47.00 Value Date: 26/03/2024","+3703.65"
26/03/2024,"-7.90","STARBUCKS COFFEE B01 CHIPPENDALE AU","+3750.65"
26/03/2024,"+3225.00","IZMIRTA RACHMAN REF 2024032600012378","+3758.55"
26/03/2024,"-20.05","HUNGER KEBAB PTY LTD ULTIMO NS AUS Card xx1037 Value Date: 21/03/2024","+533.55"
26/03/2024,"-13.11","SMP*Mae Ong Thai Glebe AU AUS Card xx1037 Value Date: 23/03/2024","+553.60"
26/03/2024,"-3.03","OFF BROADWAY HOTEL Ultimo AU AUS Card xx1037 Value Date: 23/03/2024","+566.71"
26/03/2024,"-3.03","OFF BROADWAY HOTEL Ultimo AU AUS Card xx1037 Value Date: 23/03/2024","+569.74"
26/03/2024,"-3.40","PROVENDER HOLDINGS AUS Waterloo AU AUS Card xx1037 Value Date: 24/03/2024","+572.77"
26/03/2024,"-0.23","International Transaction Fee Value Date: 24/03/2024","+576.17"
26/03/2024,"-7.68","A MEDIUM CORPORATION 4155085008 CA USA Card xx1037 USD 5.00 Value Date: 25/03/2024","+576.40"
25/03/2024,"-3.40","Provender Australia SilverwateNSWAU","+584.08"
25/03/2024,"-3.00","Provender Australia SilverwateNSWAU","+587.48"
25/03/2024,"-7.50","ROYAL COPENHAGEN CIR SYDNEY AU Card xx1037","+590.48"
25/03/2024,"-43.49","FF Darling Harbour Sydney AU","+597.98"
24/03/2024,"-7.90","STARBUCKS COFFEE B00 SYDNEY AU","+641.47"
24/03/2024,"-7.90","STARBUCKS COFFEE B01 CHIPPENDALE AU","+649.37"
24/03/2024,"-14.73","Kensington Investment Chippendale AU","+657.27"
24/03/2024,"-3.40","Provender Australia SilverwateNSWAU","+672.00"
24/03/2024,"-3.40","Provender Australia SilverwateNSWAU","+675.40"
23/03/2024,"-3.00","Provender Australia SilverwateNSWAU","+678.80"
23/03/2024,"-35.00","TIMEZONE HAYMARKET AU Card xx1037","+681.80"
23/03/2024,"-7.90","STARBUCKS COFFEE B00 SYDNEY AU","+716.80"
22/03/2024,"-15.40","TB_Haymarket_3114 Pyrmont AU AUS Card xx1037 Value Date: 20/03/2024","+724.70"
22/03/2024,"-23.01","ENJOY MIE SYDNEY 02 AUS Card xx1037 Value Date: 20/03/2024","+740.10"
21/03/2024,"-30.74","PEPPER LUNCH SYDNEY NSWAU","+763.11"
21/03/2024,"-14.90","TB_Haymarket_3114 Pyrmont AU AUS Card xx1037 Value Date: 19/03/2024","+793.85"
21/03/2024,"-20.05","HUNGER KEBAB PTY LTD ULTIMO NS AUS Card xx1037 Value Date: 18/03/2024","+808.75"
21/03/2024,"-20.96","ENJOY MIE SYDNEY 02 AUS Card xx1037 Value Date: 19/03/2024","+828.80"
20/03/2024,"-21.21","SWEET TOWN ON GEORGE HAYMARKET NS AUS Card xx1037 Value Date: 16/03/2024","+849.76"
20/03/2024,"-11.00","TSG BROADWAY PTY LTD CHIPPENDALE AUS Card xx1037 Value Date: 16/03/2024","+870.97"
19/03/2024,"-29.00","LANGUAGE ACADEMY","+881.97"
19/03/2024,"-14.90","TB_Haymarket_3114 Pyrmont AU AUS Card xx1037 Value Date: 15/03/2024","+910.97"
19/03/2024,"-28.25","ENJOY MIE SYDNEY 02 AUS Card xx1037 Value Date: 15/03/2024","+925.87"
17/03/2024,"-15.20","MCDONALDS BROADWAY SYDNEY NSWAU","+954.12"
17/03/2024,"-28.38","Zhangliang spicy hotp Haymarket AU","+969.32"
16/03/2024,"-14.90","TB_Haymarket_3114 Pyrmont AU AUS Card xx1037 Value Date: 14/03/2024","+997.70"
16/03/2024,"-54.99","LinkedIn Pre 933640970 lnkd.in/bill AU AUS Card xx1037 Value Date: 14/03/2024","+1012.60"
16/03/2024,"-24.14","ENJOY MIE SYDNEY 02 AUS Card xx1037 Value Date: 13/03/2024","+1067.59"
16/03/2024,"-27.53","ENJOY MIE SYDNEY 02 AUS Card xx1037 Value Date: 14/03/2024","+1091.73"
15/03/2024,"-4.49","APPLE.COM/BILL SYDNEY NS AUS Card xx1037 Value Date: 13/03/2024","+1119.26"
14/03/2024,"-1098.00","Direct Debit 505091 IGLU NO205 PTY 66935","+1123.75"
14/03/2024,"-9.15","HQD TOBACCO STATION PT HAYMARKET AU AUS Card xx1037 Value Date: 11/03/2024","+2221.75"
14/03/2024,"-1.37","International Transaction Fee Value Date: 12/03/2024","+2230.90"
14/03/2024,"-45.50","GRAMMARLY CO7LUX4XN 8883186146 CA USA Card xx1037 USD 30.00 Value Date: 12/03/2024","+2232.27"
13/03/2024,"-13.13","Andiamo Kensington St Chippendale AU","+2277.77"
13/03/2024,"-19.54","HUNGER KEBAB PTY LTD ULTIMO NS AUS Card xx1037 Value Date: 10/03/2024","+2290.90"
13/03/2024,"-198.00","UNIVERSITY OF SYDNEY UNIVERSITY OF NS AUS Card xx1037 Value Date: 08/03/2024","+2310.44"
13/03/2024,"-113.00","MEDIBANK PHI DEBIT MELBOURNE AUS Card xx1037 Value Date: 11/03/2024","+2508.44"
13/03/2024,"-16.30","SUSHI HUB BROADWAY HAYMARKET NS AUS Card xx1037 Value Date: 11/03/2024","+2621.44"
13/03/2024,"-16.30","SUSHI HUB BROADWAY HAYMARKET NS AUS Card xx1037 Value Date: 10/03/2024","+2637.74"
13/03/2024,"-15.20","MCDONALDS BROADWAY SYDNEY NSWAU","+2654.04"
12/03/2024,"-48.55","FF Darling Harbour Sydney AU","+2669.24"
12/03/2024,"-0.09","International Transaction Fee Value Date: 09/03/2024","+2717.79"
12/03/2024,"-2.90","Google Storage Mountain View CA USA Card xx1037 IDR 29859.00 Value Date: 09/03/2024","+2717.88"
12/03/2024,"-21.81","PANCAKES ON THE ROCKS HAYMARKET NS AUS Card xx1037 Value Date: 10/03/2024","+2720.78"
12/03/2024,"-7.50","ANDERSEN'S OF DENMAR COOGEE NS AUS Card xx1037 Value Date: 09/03/2024","+2742.59"
12/03/2024,"-10.00","TRANSPORTFORNSW OPAL CHIPPENDALE AUS Card xx1037 Value Date: 09/03/2024","+2750.09"
11/03/2024,"-43.49","FF Darling Harbour Sydney AU","+2760.09"
10/03/2024,"-3.00","Provender Australia SilverwateNSWAU","+2803.58"
09/03/2024,"-6.00","Transfer To - SUMARTO PayID Phone from CommBank App Payment Farros","+2806.58"
09/03/2024,"-17.99","Canva","+2812.58"
09/03/2024,"-13.95","TB_Haymarket_3114 Pyrmont AU AUS Card xx1037 Value Date: 07/03/2024","+2830.57"
09/03/2024,"-12.99","Spotify P2A68C86F3 Sydney AU AUS Card xx1037 Value Date: 07/03/2024","+2844.52"
08/03/2024,"-100.00","SQ *TEENAGE FAN CLUB Sydney AU","+2857.51"
08/03/2024,"-14.70","STARBUCKS COFFEE B01 CHIPPENDALE AU","+2957.51"
08/03/2024,"-21.11","Hakatamon Ramen Haymarket AU","+2972.21"
08/03/2024,"-19.10","SUSHI HUB BROADWAY HAYMARKET NS AUS Card xx1037 Value Date: 06/03/2024","+2993.32"
08/03/2024,"-106.00","TICKETEK PTY LTD WEB SYDNEY AUS Card xx1037 Value Date: 07/03/2024","+3012.42"
07/03/2024,"-7.90","STARBUCKS COFFEE B00 SYDNEY AU","+3118.42"
07/03/2024,"-5.89","Kensington Investment Chippendale AU","+3126.32"
07/03/2024,"-14.73","Kensington Investment Chippendale AU","+3132.21"
06/03/2024,"-116.48","Direct Debit 119218 Vodafone Aus A3-295841015","+3146.94"
06/03/2024,"-15.16","SQ *JOE'S ICE CREAM The Rocks AU","+3263.42"
06/03/2024,"-38.44","FF Darling Harbour Sydney AU","+3278.58"
06/03/2024,"-8.45","TSG BROADWAY PTY LTD CHIPPENDALE AUS Card xx1037 Value Date: 02/03/2024","+3317.02"
06/03/2024,"-3.00","Provender Australia SilverwateNSWAU","+3325.47"
06/03/2024,"-3.40","Provender Australia SilverwateNSWAU","+3328.47"
06/03/2024,"-3.40","Provender Australia SilverwateNSWAU","+3331.87"
05/03/2024,"-7.90","STARBUCKS COFFEE B01 CHIPPENDALE AU","+3335.27"
05/03/2024,"-37.43","FF Darling Harbour Sydney AU","+3343.17"
05/03/2024,"+3185.00","IZMIRTA RACHMAN REF 2024030500007738","+3380.60"
05/03/2024,"-13.99","CRUNCHYROLL *AUD 415-503-9235 CA USA Card xx1037 AUD 13.99 Value Date: 01/03/2024","+195.60"
05/03/2024,"-21.90","SUSHI HUB BROADWAY HAYMARKET NS AUS Card xx1037 Value Date: 01/03/2024","+209.59"
05/03/2024,"-27.50","Cellini's Sydney NS AUS Card xx1037 Value Date: 02/03/2024","+231.49"
05/03/2024,"-29.99","ADOBE SYSTEMS PTY LTD SYDNEY AU AUS Card xx1037 Value Date: 01/03/2024","+258.99"
05/03/2024,"-13.45","TB_Haymarket_3114 Pyrmont AU AUS Card xx1037 Value Date: 02/03/2024","+288.98"
05/03/2024,"-9.60","NOODLES YOUR WAY SYDNEY AU AUS Card xx1037 Value Date: 03/03/2024","+302.43"
05/03/2024,"-13.45","TB_Haymarket_3114 Pyrmont AU AUS Card xx1037 Value Date: 03/03/2024","+312.03"
05/03/2024,"-7.50","ANDERSEN'S OF DENMAR COOGEE NS AUS Card xx1037 Value Date: 02/03/2024","+325.48"
05/03/2024,"-9.99","APPLE.COM/BILL SYDNEY AU AUS Card xx1037 Value Date: 03/03/2024","+332.98"
04/03/2024,"-18.18","Andiamo Kensington St Chippendale AU","+342.97"
03/03/2024,"-7.90","STARBUCKS COFFEE B01 CHIPPENDALE AU","+361.15"
03/03/2024,"-35.00","TIMEZONE HAYMARKET AU Card xx1037","+369.05"
02/03/2024,"-13.95","TB_Haymarket_3114 Pyrmont AU AUS Card xx1037 Value Date: 29/02/2024","+404.05"
02/03/2024,"-48.47","APPLE.COM/BILL SYDNEY NS AUS Card xx1037 Value Date: 29/02/2024","+418.00"
02/03/2024,"-7.50","ANDERSEN'S OF DENMAR COOGEE NS AUS Card xx1037 Value Date: 28/02/2024","+466.47"
01/03/2024,"-23.25","SQ *ENJOY MIE Sydney AU","+473.97"
01/03/2024,"-15.00","APPLE R238 SYDNEY SYDNEY NS AUS Card xx1037 Value Date: 28/02/2024","+497.22"
01/03/2024,"-7.50","ANDERSEN'S OF DENMAR COOGEE NS AUS Card xx1037 Value Date: 27/02/2024","+512.22"
29/02/2024,"-1098.00","Direct Debit 505091 IGLU NO205 PTY 66935","+519.72"
29/02/2024,"-7.90","STARBUCKS COFFEE B01 CHIPPENDALE AU","+1617.72"
29/02/2024,"-7.50","ANDERSEN'S OF DENMAR COOGEE NS AUS Card xx1037 Value Date: 26/02/2024","+1625.62"
28/02/2024,"-37.50","Transfer To Praddeep CommBank App Payment recording farros","+1633.12"
28/02/2024,"-21.80","SIXPROGRESSION PTY LTD ULTIMO NSW AU","+1670.62"
28/02/2024,"-0.46","International Transaction Fee Value Date: 26/02/2024","+1692.42"
28/02/2024,"-15.28","WWW.SYMBOLAB.COM REDWOOD CITY CA USA Card xx1037 USD 9.99 Value Date: 26/02/2024","+1692.88"
28/02/2024,"-4.00","ANDERSEN'S OF DENMAR COOGEE NS AUS Card xx1037 Value Date: 25/02/2024","+1708.16"
28/02/2024,"-1.01","International Transaction Fee Value Date: 26/02/2024","+1712.16"
28/02/2024,"-33.64","CHATGPT SUBSCRIPTION SAN FRANCISCO CA USA Card xx1037 USD 22.00 Value Date: 27/02/2024","+1713.17"
28/02/2024,"-24.14","LIV*ENJOY MIE SYDNEY AU AUS Card xx1037 Value Date: 26/02/2024","+1746.81"
28/02/2024,"-11.00","TSG BROADWAY PTY LTD CHIPPENDALE AUS Card xx1037 Value Date: 25/02/2024","+1770.95"
28/02/2024,"-2.00","AU-RANGE DUTY FREE P KATOOMBA NS AUS Card xx1037 Value Date: 24/02/2024","+1781.95"
27/02/2024,"-62.00","IM ANGUS COCKLE BAY PTY L SYDNEY NSW AU Card xx1037","+1783.95"
27/02/2024,"-35.37","UBER *TRIP Sydney AU AUS Card xx1037 Value Date: 23/02/2024","+1845.95"
27/02/2024,"-7.50","ANDERSEN'S OF DENMAR COOGEE NS AUS Card xx1037 Value Date: 23/02/2024","+1881.32"
27/02/2024,"-0.23","International Transaction Fee Value Date: 24/02/2024","+1888.82"
27/02/2024,"-7.65","A MEDIUM CORPORATION 4155085008 CA USA Card xx1037 USD 5.00 Value Date: 25/02/2024","+1889.05"
27/02/2024,"-27.50","Cellini's Sydney NS AUS Card xx1037 Value Date: 25/02/2024","+1896.70"
27/02/2024,"-47.00","SCRIMBA OSLO DU NOR Card xx1037 AUD 47.00 Value Date: 26/02/2024","+1924.20"
25/02/2024,"-17.00","SQ *PIRHANA FISH CO Pyrmont AU","+1971.20"
25/02/2024,"-30.00","Transfer To Praddeep CommBank App Payment Farros","+1988.20"
24/02/2024,"-21.80","SIXPROGRESSION PTY LTD ULTIMO NSW AU","+2018.20"
24/02/2024,"-62.50","Transfer To Praddeep CommBank App Payment Farros","+2040.00"
24/02/2024,"-13.00","THE LOOKOUT @ ECHO POI KATOOMBA AU Card xx1037","+2102.50"
24/02/2024,"-4.00","LAT*IgluBroadway Chippindale AU AUS Card xx1037 Value Date: 22/02/2024","+2115.50"
24/02/2024,"-4.00","LAT*IgluBroadway Chippindale AU AUS Card xx1037 Value Date: 22/02/2024","+2119.50"
24/02/2024,"-6.49","APPLE.COM/BILL SYDNEY AU AUS Card xx1037 Value Date: 22/02/2024","+2123.50"
23/02/2024,"-23.25","SQ *ENJOY MIE Sydney AU","+2129.99"
23/02/2024,"-16.30","SUSHI HUB BROADWAY HAYMARKET NS AUS Card xx1037 Value Date: 21/02/2024","+2153.24"
23/02/2024,"-10.00","TRANSPORTFORNSW OPAL CHIPPENDALE AUS Card xx1037 Value Date: 22/02/2024","+2169.54"
22/02/2024,"-12.00","KELLYS ON KING NEWTOWN AU Card xx1037","+2179.54"
22/02/2024,"-24.80","SIXPROGRESSION PTY LTD ULTIMO NSW AU","+2191.54"
22/02/2024,"-7.90","STARBUCKS COFFEE B00 SYDNEY AU","+2216.34"
22/02/2024,"-25.43","THE SAMBAL SYDNEY NS AUS Card xx1037 Value Date: 20/02/2024","+2224.24"
21/02/2024,"-7.90","STARBUCKS COFFEE B00 SYDNEY AU","+2249.67"
21/02/2024,"-24.80","SIXPROGRESSION PTY LTD ULTIMO NSW AU","+2257.57"
21/02/2024,"-445.01","WL *VUE* TESTING EXAM BLOOMINGTON MN USA Card xx1037 AUD 445.01 Value Date: 18/02/2024","+2282.37"
20/02/2024,"-12.12","Andiamo Kensington St Chippendale AU","+2727.38"
19/02/2024,"-15.20","MCDONALDS BROADWAY SYDNEY NSWAU","+2739.50"
19/02/2024,"-29.00","LANGUAGE ACADEMY","+2754.70"
19/02/2024,"-27.33","SQ *ENJOY MIE Sydney AU","+2783.70"
19/02/2024,"-9.00","IGLU NO. 205 PTY LTD CHIPPENDALE NSW AU","+2811.03"
18/02/2024,"-7.90","STARBUCKS COFFEE B00 SYDNEY AU","+2820.03"
18/02/2024,"-21.00","SQ *UMMA KITCHEN SYDNE Sydney AU","+2827.93"
17/02/2024,"-7.90","STARBUCKS COFFEE B00 SYDNEY AU","+2848.93"
17/02/2024,"-24.80","SIXPROGRESSION PTY LTD ULTIMO NSW AU","+2856.83"
17/02/2024,"-4.00","LAT*IgluBroadway Chippindale AU AUS Card xx1037 Value Date: 15/02/2024","+2881.63"
17/02/2024,"-4.00","LAT*IgluBroadway Chippindale AU AUS Card xx1037 Value Date: 15/02/2024","+2885.63"
17/02/2024,"-10.32","DidiChuxing DIDI MOBIL Sydney AU AUS Card xx1037 Value Date: 15/02/2024","+2889.63"
17/02/2024,"-18.95","WOOLWORTHS 1905 SYDNEY AU AUS Card xx1037 Value Date: 15/02/2024","+2899.95"
16/02/2024,"-21.00","SLIMS QUALITY BURGER SYDNEY AU Card xx1037","+2918.90"
16/02/2024,"-13.90","STARBUCKS COFFEE B01 CHIPPENDALE AU","+2939.90"
16/02/2024,"-54.99","LinkedIn Pre 922066977 lnkd.in/bill AU AUS Card xx1037 Value Date: 14/02/2024","+2953.80"
16/02/2024,"-21.60","SUSHI HUB BROADWAY HAYMARKET NS AUS Card xx1037 Value Date: 14/02/2024","+3008.79"
15/02/2024,"-1098.00","Direct Debit 505091 IGLU NO205 PTY 66935","+3030.39"
15/02/2024,"-13.00","KELLYS ON KING NEWTOWN AU Card xx1037","+4128.39"
15/02/2024,"-18.00","KELLYS ON KING NEWTOWN AU Card xx1037","+4141.39"
15/02/2024,"-10.00","KELLYS ON KING NEWTOWN AU Card xx1037","+4159.39"
15/02/2024,"-24.80","SIXPROGRESSION PTY LTD ULTIMO NSW AU","+4169.39"
15/02/2024,"-21.47","LIV*ENJOY MIE SYDNEY AU AUS Card xx1037 Value Date: 13/02/2024","+4194.19"
15/02/2024,"-4.49","APPLE.COM/BILL SYDNEY AU AUS Card xx1037 Value Date: 13/02/2024","+4215.66"
14/02/2024,"-16.12","SMP*Talays Thai Seafoo Chippendale02 AU","+4220.15"
14/02/2024,"-17.68","ZLR*Uni Bros Kebabs Darlington AU","+4236.27"
14/02/2024,"-20.00","SQ *SYDNEY UNIVERSITY Forest Lodge AU","+4253.95"
14/02/2024,"+3085.00","IZMIRTA RACHMAN REF 2024021400009599","+4273.95"
14/02/2024,"-4.00","LAT*IgluBroadway Chippindale AU AUS Card xx1037 Value Date: 10/02/2024","+1188.95"
14/02/2024,"-4.00","LAT*IgluBroadway Chippindale AU AUS Card xx1037 Value Date: 10/02/2024","+1192.95"
14/02/2024,"-4.00","LAT*IgluBroadway Chippindale AU AUS Card xx1037 Value Date: 10/02/2024","+1196.95"
14/02/2024,"-4.00","LAT*IgluBroadway Chippindale AU AUS Card xx1037 Value Date: 10/02/2024","+1200.95"
14/02/2024,"-1.39","International Transaction Fee Value Date: 12/02/2024","+1204.95"
14/02/2024,"-46.27","GRAMMARLY COPSHB9EM 8883186146 CA USA Card xx1037 USD 30.00 Value Date: 12/02/2024","+1206.34"
14/02/2024,"-20.90","ZAN Asian Cuisine Sydney NS AUS Card xx1037 Value Date: 12/02/2024","+1252.61"
14/02/2024,"-113.00","MEDIBANK PHI DEBIT MELBOURNE AUS Card xx1037 Value Date: 12/02/2024","+1273.51"
14/02/2024,"-19.10","SUSHI HUB BROADWAY HAYMARKET NS AUS Card xx1037 Value Date: 11/02/2024","+1386.51"
14/02/2024,"-16.30","SUSHI HUB BROADWAY HAYMARKET NS AUS Card xx1037 Value Date: 10/02/2024","+1405.61"
13/02/2024,"-13.80","OZT*PARTY @ MANNING","+1421.91"
13/02/2024,"-25.90","ZAN Asian Cuisine Sydney NS AUS Card xx1037 Value Date: 09/02/2024","+1435.71"
13/02/2024,"-7.50","ANDERSEN'S OF DENMAR COOGEE NS AUS Card xx1037 Value Date: 08/02/2024","+1461.61"
13/02/2024,"-0.09","International Transaction Fee Value Date: 09/02/2024","+1469.11"
13/02/2024,"-2.95","Google Storage Mountain View CA USA Card xx1037 IDR 29859.00 Value Date: 09/02/2024","+1469.20"
13/02/2024,"-20.49","APPLE.COM/BILL SYDNEY AU AUS Card xx1037 Value Date: 09/02/2024","+1472.15"
13/02/2024,"-19.10","SUSHI HUB BROADWAY HAYMARKET NS AUS Card xx1037 Value Date: 09/02/2024","+1492.64"
13/02/2024,"-16.84","DidiChuxing DIDI MOBIL Sydney AU AUS Card xx1037 Value Date: 10/02/2024","+1511.74"
13/02/2024,"-29.68","DidiChuxing DIDI MOBIL Sydney AU AUS Card xx1037 Value Date: 11/02/2024","+1528.58"
13/02/2024,"-10.00","TRANSPORTFORNSW OPAL CHIPPENDALE AUS Card xx1037 Value Date: 10/02/2024","+1558.26"
12/02/2024,"-7.10","STARBUCKS COFFEE B00 SYDNEY AU","+1568.26"
10/02/2024,"-17.10","Nene Chicken George Sydney AU","+1575.36"
10/02/2024,"-10.00","UNI OF SYDNEY UNION THE UNIVERSIT NS AUS Card xx1037 Value Date: 07/02/2024","+1592.46"
10/02/2024,"-23.01","LIV*ENJOY MIE SYDNEY AU AUS Card xx1037 Value Date: 08/02/2024","+1602.46"
09/02/2024,"-13.13","Andiamo Kensington St Chippendale AU","+1625.47"
09/02/2024,"-17.99","Canva","+1638.60"
09/02/2024,"-12.99","Spotify P29AECC3DB Sydney AU AUS Card xx1037 Value Date: 07/02/2024","+1656.59"
09/02/2024,"-14.85","MEDIBANK PHI DEBIT MELBOURNE AUS Card xx1037 Value Date: 07/02/2024","+1669.58"
08/02/2024,"-13.13","Andiamo Kensington St Chippendale AU","+1684.43"
08/02/2024,"-22.00","SUSHI HUB BROADWAY HAYMARKET NS AUS Card xx1037 Value Date: 06/02/2024","+1697.56"
07/02/2024,"-24.80","SIXPROGRESSION PTY LTD ULTIMO NSW AU","+1719.56"
07/02/2024,"-7.50","ANDERSEN'S OF DENMAR COOGEE NS AUS Card xx1037 Value Date: 04/02/2024","+1744.36"
07/02/2024,"-4.50","TSG QUAY ST PTY LTD HAYMARKET AUS Card xx1037 Value Date: 04/02/2024","+1751.86"
07/02/2024,"-9.95","TSG BROADWAY PTY LTD CHIPPENDALE AUS Card xx1037 Value Date: 03/02/2024","+1756.36"
06/02/2024,"-116.48","Direct Debit 119218 Vodafone Aus A3-28e9d3010","+1766.31"
06/02/2024,"-24.24","Andiamo Kensington St Chippendale AU","+1882.79"
06/02/2024,"-13.99","CRUNCHYROLL *AUD 415-503-9235 CA USA Card xx1037 AUD 13.99 Value Date: 02/02/2024","+1907.03"
06/02/2024,"-29.99","ADOBE SYSTEMS PTY LTD SYDNEY AU AUS Card xx1037 Value Date: 01/02/2024","+1921.02"
06/02/2024,"-5.60","SUSHI HUB BROADWAY HAYMARKET NS AUS Card xx1037 Value Date: 02/02/2024","+1951.01"
06/02/2024,"-16.30","SUSHI HUB BROADWAY HAYMARKET NS AUS Card xx1037 Value Date: 02/02/2024","+1956.61"
06/02/2024,"-9.99","APPLE.COM/BILL SYDNEY NS AUS Card xx1037 Value Date: 03/02/2024","+1972.91"
06/02/2024,"-22.50","LIV*ENJOY MIE SYDNEY AU AUS Card xx1037 Value Date: 04/02/2024","+1982.90"
05/02/2024,"-7.10","STARBUCKS COFFEE B01 CHIPPENDALE AU","+2005.40"
05/02/2024,"-20.00","LECLOVER PTY LTD SYDNEY NSW AU","+2012.50"
05/02/2024,"-7.10","STARBUCKS COFFEE B00 SYDNEY AU","+2032.50"
03/02/2024,"-13.13","Andiamo Kensington St Chippendale AU","+2039.60"
03/02/2024,"-7.10","STARBUCKS COFFEE B00 SYDNEY AU","+2052.73"
03/02/2024,"-15.00","SQ *UMMA KITCHEN SYDNE Sydney AU","+2059.83"
03/02/2024,"-17.00","CROCODILE JUNIOR CHIPPENDALE AU AUS Card xx1037 Value Date: 01/02/2024","+2074.83"
03/02/2024,"-6.75","ANDERSEN'S OF DENMAR COOGEE NS AUS Card xx1037 Value Date: 31/01/2024","+2091.83"
02/02/2024,"-17.00","SQ *UMMA KITCHEN SYDNE Sydney AU","+2098.58"
02/02/2024,"-7.60","STARBUCKS COFFEE B00 SYDNEY AU","+2115.58"
02/02/2024,"-47.12","AUST FEDERAL POLICE SYDNEY NS AUS Card xx1037 Value Date: 31/01/2024","+2123.18"
02/02/2024,"-7.50","ANDERSEN'S OF DENMAR COOGEE NS AUS Card xx1037 Value Date: 30/01/2024","+2170.30"
02/02/2024,"-35.20","SUSHI HUB BROADWAY HAYMARKET NS AUS Card xx1037 Value Date: 31/01/2024","+2177.80"
02/02/2024,"-3.40","Provender Australia SilverwateNSWAU","+2213.00"
02/02/2024,"-3.40","Provender Australia SilverwateNSWAU","+2216.40"
01/02/2024,"-1098.00","Direct Debit 505091 IGLU NO205 PTY 66935","+2219.80"
01/02/2024,"-19.99","Max Brenner World Squ Sydney AU","+3317.80"
01/02/2024,"-4.00","LAT*IgluBroadway Chippindale AU AUS Card xx1037 Value Date: 29/01/2024","+3337.79"
01/02/2024,"-4.00","LAT*IgluBroadway Chippindale AU AUS Card xx1037 Value Date: 29/01/2024","+3341.79"
01/02/2024,"-4.00","LAT*IgluBroadway Chippindale AU AUS Card xx1037 Value Date: 29/01/2024","+3345.79"
01/02/2024,"-4.00","LAT*IgluBroadway Chippindale AU AUS Card xx1037 Value Date: 29/01/2024","+3349.79"
01/02/2024,"-7.50","ANDERSEN'S OF DENMAR COOGEE NS AUS Card xx1037 Value Date: 29/01/2024","+3353.79"
01/02/2024,"-46.23","LIV*ENJOY MIE SYDNEY AU AUS Card xx1037 Value Date: 30/01/2024","+3361.29"
01/02/2024,"-0.02","Debit Excess Interest","+3407.52"
31/01/2024,"-3.40","Provender Australia SilverwateNSWAU","+3407.54"
31/01/2024,"-3.40","Provender Australia SilverwateNSWAU","+3410.94"
31/01/2024,"-7.10","STARBUCKS COFFEE B01 CHIPPENDALE AU","+3414.34"
31/01/2024,"+3035.00","IZMIRTA RACHMAN REF 2024013100014070","+3421.44"
31/01/2024,"-4.00","LAT*IgluBroadway Chippindale AU AUS Card xx1037 Value Date: 29/01/2024","+386.44"
31/01/2024,"-20.81","PALACE CINEMAS CHIPPENDALE NS AUS Card xx1037 Value Date: 28/01/2024","+390.44"
31/01/2024,"-9.45","TSG CENTRAL PTY LTD HAYMARKET AUS Card xx1037 Value Date: 28/01/2024","+411.25"
31/01/2024,"-31.60","SUSHI HUB BROADWAY HAYMARKET NS AUS Card xx1037 Value Date: 27/01/2024","+420.70"
30/01/2024,"-27.50","Cellini's Sydney NS AUS Card xx1037 Value Date: 25/01/2024","+452.30"
30/01/2024,"-34.47","APPLE.COM/BILL SYDNEY NS AUS Card xx1037 Value Date: 25/01/2024","+479.80"
30/01/2024,"-47.00","SCRIMBA OSLO DU NOR Card xx1037 AUD 47.00 Value Date: 26/01/2024","+514.27"
30/01/2024,"-0.46","International Transaction Fee Value Date: 26/01/2024","+561.27"
30/01/2024,"-15.22","WWW.SYMBOLAB.COM REDWOOD CITY CA USA Card xx1037 USD 9.99 Value Date: 26/01/2024","+561.73"
30/01/2024,"-1.01","International Transaction Fee Value Date: 26/01/2024","+576.95"
30/01/2024,"-33.52","CHATGPT SUBSCRIPTION SAN FRANCISCO CA USA Card xx1037 USD 22.00 Value Date: 27/01/2024","+577.96"
30/01/2024,"-52.50","LIV*ENJOY MIE SYDNEY AU AUS Card xx1037 Value Date: 26/01/2024","+611.48"
30/01/2024,"-19.90","ZAN Asian Cuisine Sydney NS AUS Card xx1037 Value Date: 28/01/2024","+663.98"
30/01/2024,"-14.11","SYDNEY PIE CAFE HAYMARKET AU AUS Card xx1037 Value Date: 27/01/2024","+683.88"
29/01/2024,"-24.80","SIXPROGRESSION PTY LTD ULTIMO NSW AU","+697.99"
28/01/2024,"-7.90","STARBUCKS COFFEE B00 SYDNEY AU","+722.79"
27/01/2024,"-6.09","LS Baia the Italian pt Sydney AU","+730.69"
27/01/2024,"-6.91","Kensington Investment Chippendale AU","+736.78"
27/01/2024,"-10.67","Kensington Investment Chippendale AU","+743.69"
26/01/2024,"-7.50","ANDERSEN'S OF DENMAR COOGEE NS AUS Card xx1037 Value Date: 23/01/2024","+754.36"
26/01/2024,"-0.23","International Transaction Fee Value Date: 24/01/2024","+761.86"
26/01/2024,"-7.62","A MEDIUM CORPORATION 4155085008 CA USA Card xx1037 USD 5.00 Value Date: 25/01/2024","+762.09"
25/01/2024,"-15.20","MCDONALDS BROADWAY SYDNEY NSWAU","+769.71"
25/01/2024,"-42.63","LIV*ENJOY MIE SYDNEY AU AUS Card xx1037 Value Date: 23/01/2024","+784.91"
25/01/2024,"-3.00","Provender Australia SilverwateNSWAU","+827.54"
24/01/2024,"-53.89","RIO RECIPE PTY LTD SYDNEY AU","+830.54"
24/01/2024,"-42.95","KINOKUNIYA BOOK STOR SYDNEY AU","+884.43"
24/01/2024,"-16.45","TSG CENTRAL PTY LTD HAYMARKET AUS Card xx1037 Value Date: 21/01/2024","+927.38"
23/01/2024,"-3.50","WOOLWORTHS 1905 SYDNEY AU AUS Card xx1037 Value Date: 19/01/2024","+943.83"
23/01/2024,"-15.70","TB_Haymarket_3114 Pyrmont AU AUS Card xx1037 Value Date: 21/01/2024","+947.33"
23/01/2024,"-20.90","ZAN Asian Cuisine Sydney NS AUS Card xx1037 Value Date: 21/01/2024","+963.03"
22/01/2024,"-35.00","TIMEZONE HAYMARKET AU Card xx1037","+983.93"
22/01/2024,"-9.13","Noddles Your Way Sydney AU","+1018.93"
21/01/2024,"-7.90","STARBUCKS COFFEE B00 SYDNEY AU","+1028.06"
20/01/2024,"-69.13","HURRICANES GRILL CIRCU SYDNEY AU Card xx1037","+1035.96"
20/01/2024,"-12.90","STARBUCKS COFFEE B01 CHIPPENDALE AU","+1105.09"
19/01/2024,"-22.36","SMP*Ed Ae Unique Thai Haymarket02 AU","+1117.99"
19/01/2024,"-16.90","YATAI RICE BOWL PTY LTD HAYMARKET NSW AU","+1140.35"
19/01/2024,"-7.90","STARBUCKS COFFEE B01 CHIPPENDALE AU","+1157.25"
18/01/2024,"-15.20","MCDONALDS BROADWAY SYDNEY NSWAU","+1165.15"
18/01/2024,"-1098.00","Direct Debit 505091 IGLU NO205 PTY 66935","+1180.35"
18/01/2024,"-35.00","TIMEZONE HAYMARKET AU Card xx1037","+2278.35"
18/01/2024,"-43.34","PEPPER LUNCH SYDNEY NSWAU","+2313.35"
18/01/2024,"-2.57","LIV*ENJOY MIE SYDNEY AU AUS Card xx1037 Value Date: 16/01/2024","+2356.69"
18/01/2024,"-50.85","LIV*ENJOY MIE SYDNEY AU AUS Card xx1037 Value Date: 16/01/2024","+2359.26"
18/01/2024,"-13.50","TSG BROADWAY PTY LTD CHIPPENDALE AUS Card xx1037 Value Date: 15/01/2024","+2410.11"
17/01/2024,"-7.90","STARBUCKS COFFEE B01 CHIPPENDALE AU","+2423.61"
16/01/2024,"-121.96","RED EYE RECORDS PTY SYDNEY AU Card xx1037","+2431.51"
16/01/2024,"-19.98","KINOKUNIYA BOOK STOR SYDNEY AU","+2553.47"
16/01/2024,"-100.93","KINOKUNIYA BOOK STOR SYDNEY AU","+2573.45"
16/01/2024,"-1.35","International Transaction Fee Value Date: 12/01/2024","+2674.38"
16/01/2024,"-45.15","GRAMMARLY COSCYY5T3 8883186146 CA USA Card xx1037 USD 30.00 Value Date: 12/01/2024","+2675.73"
16/01/2024,"-2.57","LIV*ENJOY MIE SYDNEY AU AUS Card xx1037 Value Date: 13/01/2024","+2720.88"
16/01/2024,"-23.63","LIV*ENJOY MIE SYDNEY AU AUS Card xx1037 Value Date: 13/01/2024","+2723.45"
16/01/2024,"-4.49","APPLE.COM/BILL SYDNEY AU AUS Card xx1037 Value Date: 13/01/2024","+2747.08"
16/01/2024,"-15.30","WOOLWORTHS 1905 SYDNEY AU AUS Card xx1037 Value Date: 14/01/2024","+2751.57"
16/01/2024,"-54.99","LinkedIn Pre 910759397 lnkd.in/bill AU AUS Card xx1037 Value Date: 14/01/2024","+2766.87"
15/01/2024,"-13.13","Andiamo Kensington St Chippendale AU","+2821.86"
15/01/2024,"-16.75","ZLR*It's time for Thai Haymarket AU","+2834.99"
14/01/2024,"-41.17","FF Darling Harbour Sydney AU","+2851.74"
13/01/2024,"-21.57","Nene Chicken George Sydney AU","+2892.91"
12/01/2024,"-31.63","Zhangliang spicy hotp Haymarket AU","+2914.48"
12/01/2024,"-7.90","STARBUCKS COFFEE B01 CHIPPENDALE AU","+2946.11"
11/01/2024,"-11.06","SYDNEY PIE CAFE HAYMARKET AU","+2954.01"
11/01/2024,"-35.00","TIMEZONE HAYMARKET AU Card xx1037","+2965.07"
11/01/2024,"-15.00","Overdraw Fee For exceeding available funds on 10 Jan","+3000.07"
11/01/2024,"-7.90","STARBUCKS COFFEE B00 SYDNEY AU","+3015.07"
11/01/2024,"-25.50","Fresh & Hot Malatang Chippendale AU","+3022.97"
11/01/2024,"+3085.00","IZMIRTA RACHMAN REF 2024011100012993","+3048.47"
11/01/2024,"-4.00","LAT*IgluBroadway Chippindale AU AUS Card xx1037 Value Date: 09/01/2024","-36.53"
11/01/2024,"-4.00","LAT*IgluBroadway Chippindale AU AUS Card xx1037 Value Date: 09/01/2024","-32.53"
11/01/2024,"-4.00","LAT*IgluBroadway Chippindale AU AUS Card xx1037 Value Date: 09/01/2024","-28.53"
11/01/2024,"-4.00","LAT*IgluBroadway Chippindale AU AUS Card xx1037 Value Date: 09/01/2024","-24.53"
11/01/2024,"-4.00","LAT*IgluBroadway Chippindale AU AUS Card xx1037 Value Date: 09/01/2024","-20.53"
11/01/2024,"-4.00","LAT*IgluBroadway Chippindale AU AUS Card xx1037 Value Date: 09/01/2024","-16.53"
11/01/2024,"-17.99","Canva* 04025-19994890 Sydney AU AUS Card xx1037 Value Date: 09/01/2024","-12.53"
11/01/2024,"-20.49","APPLE.COM/BILL SYDNEY NS AUS Card xx1037 Value Date: 09/01/2024","+5.46"
11/01/2024,"-0.09","International Transaction Fee Value Date: 09/01/2024","+25.95"
11/01/2024,"-2.89","Google Storage Mountain View CA USA Card xx1037 IDR 29859.00 Value Date: 09/01/2024","+26.04"
10/01/2024,"-6.50","SQ *UMMA KITCHEN SYDNE Sydney AU","+28.93"
10/01/2024,"-17.00","SQ *UMMA KITCHEN SYDNE Sydney AU","+35.43"
10/01/2024,"-9.50","TSG CENTRAL PTY LTD HAYMARKET AUS Card xx1037 Value Date: 05/01/2024","+52.43"
10/01/2024,"-10.00","TRANSPORTFORNSW OPAL CHIPPENDALE AUS Card xx1037 Value Date: 09/01/2024","+61.93"
09/01/2024,"-116.48","Direct Debit 119218 Vodafone Aus A3-28806f026","+71.93"
09/01/2024,"-25.80","ZAN Asian Cuisine Sydney NS AUS Card xx1037 Value Date: 05/01/2024","+188.41"
09/01/2024,"-25.80","ZAN Asian Cuisine Sydney NS AUS Card xx1037 Value Date: 07/01/2024","+214.21"
09/01/2024,"-12.99","Spotify P288D646EE Sydney AU AUS Card xx1037 Value Date: 07/01/2024","+240.01"
08/01/2024,"-14.10","Hungry Jacks WoolloomoolooAU","+253.00"
08/01/2024,"-23.25","Fresh & Hot Malatang Chippendale AU","+267.10"
07/01/2024,"-10.67","YB CORPORATE PTY LTD Silverwater AU","+290.35"
06/01/2024,"-21.00","SLIMS QUALITY BURGER SYDNEY AU Card xx1037","+301.02"
05/01/2024,"-27.25","Nene Chicken George Sydney AU","+322.02"
05/01/2024,"-9.99","APPLE.COM/BILL SYDNEY AU AUS Card xx1037 Value Date: 03/01/2024","+349.27"
04/01/2024,"-1098.00","Direct Debit 505091 IGLU NO205 PTY 66935","+359.26"
04/01/2024,"-7.10","STARBUCKS COFFEE B00 SYDNEY AU","+1457.26"
04/01/2024,"-21.00","SLIMS QUALITY BURGER SYDNEY AU Card xx1037","+1464.36"
04/01/2024,"-23.38","SMP*Adanos Centrepoint Sydney02 AU","+1485.36"
04/01/2024,"-34.92","MOM RECIPES PTY LTD HAYMARKET AU AUS Card xx1037 Value Date: 02/01/2024","+1508.74"
04/01/2024,"-13.99","CRUNCHYROLL *AUD 415-503-9235 CA USA Card xx1037 AUD 13.99 Value Date: 02/01/2024","+1543.66"
04/01/2024,"-10.30","SUSHI HUB BROADWAY HAYMARKET NS AUS Card xx1037 Value Date: 02/01/2024","+1557.65"
03/01/2024,"-11.30","STARBUCKS COFFEE B00 SYDNEY AU","+1567.95"
03/01/2024,"-35.00","TIMEZONE HAYMARKET AU Card xx1037","+1579.25"
03/01/2024,"-15.00","SQ *UMMA KITCHEN SYDNE Sydney AU","+1614.25"
03/01/2024,"-10.81","EzyMart 869 George St Sydney NS AUS Card xx1037 Value Date: 29/12/2023","+1629.25"
03/01/2024,"-26.71","LIV*ENJOY MIE SYDNEY AU AUS Card xx1037 Value Date: 30/12/2023","+1640.06"
03/01/2024,"-24.14","LIV*ENJOY MIE SYDNEY AU AUS Card xx1037 Value Date: 30/12/2023","+1666.77"
03/01/2024,"-34.47","APPLE.COM/BILL SYDNEY NS AUS Card xx1037 Value Date: 30/12/2023","+1690.91"
03/01/2024,"-29.99","ADOBE SYSTEMS PTY LTD SYDNEY AU AUS Card xx1037 Value Date: 01/01/2024","+1725.38"
01/01/2024,"-26.61","Nene Chicken George Sydney AU","+1755.37"
01/01/2024,"-10.67","YB CORPORATE PTY LTD Silverwater AU","+1781.98"
01/01/2024,"-14.11","SYDNEY PIE CAFE HAYMARKET AU","+1792.65"
